id,project,status,last_run,criteria_hash,previous_status,last_passed,flaky,2026-10-05T16-08-45P0200,2026-10-05T15-15-17P0200,2026-10-05T09-48-44P0200
TC-SEC-001,no-login-desktop-chrome,pass,2026-10-05T16:08:45+02:00,4ad6f620,pass,2026-10-05T16:08:45+02:00,,✔,✔,✔
TC-SEC-001,no-login-iphone-13,pass,2026-10-05T16:08:45+02:00,4ad6f620,pass,2026-10-05T16:08:45+02:00,,✔,✔,✔
TC-SEC-004,no-login-desktop-chrome,PASS_PARTIAL,2026-10-05T16:08:45+02:00,b925908f,PASS_PARTIAL,2026-10-05T16:08:45+02:00,,⏩,⏩,✔
TC-SEC-004,no-login-iphone-13,PASS_PARTIAL,2026-10-05T16:08:45+02:00,b925908f,PASS_PARTIAL,2026-10-05T16:08:45+02:00,,⏩,⏩,✔
TC-SEC-005,no-login-desktop-chrome,pass,2026-10-05T16:08:45+02:00,8cf59dd3,pass,2026-10-05T16:08:45+02:00,,✔,✔,✔
TC-SEC-005,no-login-iphone-13,pass,2026-10-05T16:08:45+02:00,8cf59dd3,pass,2026-10-05T16:08:45+02:00,,✔,✔,❌
TC-SEC-006,no-login-desktop-chrome,pass,2026-10-05T16:08:45+02:00,00c95a7b,pass,2026-10-05T16:08:45+02:00,,✔,✔,✔
TC-SEC-006,no-login-iphone-13,pass,2026-10-05T16:08:45+02:00,00c95a7b,pass,2026-10-05T16:08:45+02:00,,✔,✔,✔
TC-SEC-008,user-desktop-chrome,pass,2026-10-05T16:08:45+02:00,af1743e6,pass,2026-10-05T16:08:45+02:00,,✔,✔,✔
TC-SEC-008,user-iphone-13,pass,2026-10-05T16:08:45+02:00,af1743e6,pass,2026-10-05T16:08:45+02:00,,✔,✔,✔
TC-SEC-013,user-desktop-chrome,pass,2026-10-05T16:08:45+02:00,97bc11f5,pass,2026-10-05T16:08:45+02:00,,✔,✔,✔
TC-SEC-013,user-iphone-13,pass,2026-10-05T16:08:45+02:00,97bc11f5,pass,2026-10-05T16:08:45+02:00,,✔,✔,❌
TC-SEC-018,no-login-desktop-chrome,pass,2026-10-05T16:08:45+02:00,42dfbdd4,pass,2026-10-05T16:08:45+02:00,,✔,✔,✔
TC-SEC-018,no-login-iphone-13,pass,2026-10-05T16:08:45+02:00,42dfbdd4,pass,2026-10-05T16:08:45+02:00,,✔,✔,❌
TC-SEC-019,no-login-desktop-chrome,pass,2026-10-05T16:08:45+02:00,7258e691,pass,2026-10-05T16:08:45+02:00,,✔,✔,❌
TC-SEC-019,no-login-iphone-13,pass,2026-10-05T16:08:45+02:00,7258e691,pass,2026-10-05T16:08:45+02:00,,✔,✔,❌
TC-SEC-020,no-login-desktop-chrome,pass,2026-10-05T16:08:45+02:00,6d36b13c,pass,2026-10-05T16:08:45+02:00,,✔,✔,✔
TC-SEC-020,no-login-iphone-13,pass,2026-10-05T16:08:45+02:00,6d36b13c,pass,2026-10-05T16:08:45+02:00,,✔,✔,❌
TC-SEC-021,no-login-desktop-chrome,pass,2026-10-05T16:08:45+02:00,acb43f88,pass,2026-10-05T16:08:45+02:00,,✔,✔,❌
TC-SEC-021,no-login-iphone-13,pass,2026-10-05T16:08:45+02:00,acb43f88,pass,2026-10-05T16:08:45+02:00,,✔,✔,❌
TC-SEC-023,no-login-desktop-chrome,pass,2026-10-05T16:08:45+02:00,85a33b24,pass,2026-10-05T16:08:45+02:00,,✔,✔,✔
TC-SEC-023,no-login-iphone-13,pass,2026-10-05T16:08:45+02:00,85a33b24,pass,2026-10-05T16:08:45+02:00,,✔,✔,✔
TC-SEC-025,user-desktop-chrome,pass,2026-10-05T16:08:45+02:00,c4a240ef,pass,2026-10-05T16:08:45+02:00,,✔,✔,✔
TC-SEC-025,user-iphone-13,pass,2026-10-05T16:08:45+02:00,c4a240ef,pass,2026-10-05T16:08:45+02:00,,✔,✔,❌
TC-SEC-026,user-desktop-chrome,pass,2026-10-05T16:08:45+02:00,54cc2824,pass,2026-10-05T16:08:45+02:00,,✔,✔,✔
TC-SEC-026,user-iphone-13,pass,2026-10-05T16:08:45+02:00,54cc2824,pass,2026-10-05T16:08:45+02:00,,✔,✔,❌
TC-SEC-027,user-desktop-chrome,pass,2026-10-05T16:08:45+02:00,78c5fb45,pass,2026-10-05T16:08:45+02:00,,✔,✔,✔
TC-SEC-027,user-iphone-13,pass,2026-10-05T16:08:45+02:00,78c5fb45,pass,2026-10-05T16:08:45+02:00,,✔,✔,❌
TC-SEC-028,user-desktop-chrome,pass,2026-10-05T16:08:45+02:00,e1ab8f65,pass,2026-10-05T16:08:45+02:00,,✔,✔,✔
TC-SEC-028,user-iphone-13,pass,2026-10-05T16:08:45+02:00,e1ab8f65,pass,2026-10-05T16:08:45+02:00,,✔,✔,✔
TC-SEC-029,user-desktop-chrome,pass,2026-10-05T16:08:45+02:00,9e5267ec,pass,2026-10-05T16:08:45+02:00,,✔,✔,✔
TC-SEC-029,user-iphone-13,pass,2026-10-05T16:08:45+02:00,9e5267ec,pass,2026-10-05T16:08:45+02:00,,✔,✔,✔
TC-SEC-032,user-desktop-chrome,pass,2026-10-05T16:08:45+02:00,2bdd17a8,pass,2026-10-05T16:08:45+02:00,,✔,✔,✔
TC-SEC-032,user-iphone-13,pass,2026-10-05T16:08:45+02:00,2bdd17a8,pass,2026-10-05T16:08:45+02:00,,✔,✔,✔
TC-WEB-003,no-login-desktop-chrome,pass,2026-10-05T16:08:45+02:00,95f18fb4,pass,2026-10-05T16:08:45+02:00,,✔,✔,❌
TC-WEB-003,no-login-iphone-13,pass,2026-10-05T16:08:45+02:00,95f18fb4,pass,2026-10-05T16:08:45+02:00,,✔,✔,❌
TC-WEB-004,user-desktop-chrome,pass,2026-10-05T16:08:45+02:00,8aef9341,pass,2026-10-05T16:08:45+02:00,,✔,✔,❌
TC-WEB-004,user-iphone-13,pass,2026-10-05T16:08:45+02:00,8aef9341,pass,2026-10-05T16:08:45+02:00,,✔,✔,❌
TC-WEB-005,super-admin-desktop-chrome,pass,2026-10-05T16:08:45+02:00,d1fc02c9,pass,2026-10-05T16:08:45+02:00,,✔,✔,✔
TC-WEB-005,super-admin-iphone-13,pass,2026-10-05T16:08:45+02:00,d1fc02c9,pass,2026-10-05T16:08:45+02:00,,✔,✔,✔
TC-WEB-015,no-login-desktop-chrome,pass,2026-10-05T16:08:45+02:00,6daad820,pass,2026-10-05T16:08:45+02:00,,✔,✔,✔
TC-WEB-015,no-login-iphone-13,pass,2026-10-05T16:08:45+02:00,6daad820,pass,2026-10-05T16:08:45+02:00,,✔,✔,❌
TC-WEB-016,no-login-desktop-chrome,pass,2026-10-05T16:08:45+02:00,35c3887e,pass,2026-10-05T16:08:45+02:00,,✔,✔,✔
TC-WEB-016,no-login-iphone-13,pass,2026-10-05T16:08:45+02:00,35c3887e,pass,2026-10-05T16:08:45+02:00,,✔,✔,✔
TC-WEB-017,no-login-desktop-chrome,pass,2026-10-05T16:08:45+02:00,de24ba10,pass,2026-10-05T16:08:45+02:00,,✔,✔,✔
TC-WEB-017,no-login-iphone-13,pass,2026-10-05T16:08:45+02:00,de24ba10,pass,2026-10-05T16:08:45+02:00,,✔,✔,❌
TC-WEB-018,no-login-desktop-chrome,pass,2026-10-05T16:08:45+02:00,8cc9c9e7,pass,2026-10-05T16:08:45+02:00,,✔,✔,❌
TC-WEB-018,no-login-iphone-13,pass,2026-10-05T16:08:45+02:00,8cc9c9e7,pass,2026-10-05T16:08:45+02:00,,✔,✔,❌
TC-WEB-019,user-desktop-chrome,pass,2026-10-05T16:08:45+02:00,a810f908,pass,2026-10-05T16:08:45+02:00,,✔,✔,✔
TC-WEB-019,user-iphone-13,pass,2026-10-05T16:08:45+02:00,a810f908,pass,2026-10-05T16:08:45+02:00,,✔,✔,✔
TC-WEB-020,user-desktop-chrome,pass,2026-10-05T16:08:45+02:00,209083ed,pass,2026-10-05T16:08:45+02:00,,✔,✔,✔
TC-WEB-020,user-iphone-13,pass,2026-10-05T16:08:45+02:00,209083ed,pass,2026-10-05T16:08:45+02:00,,✔,✔,✔
TC-WEB-021,user-desktop-chrome,pass,2026-10-05T16:08:45+02:00,89a748f5,pass,2026-10-05T16:08:45+02:00,,✔,✔,✔
TC-WEB-021,user-iphone-13,pass,2026-10-05T16:08:45+02:00,89a748f5,pass,2026-10-05T16:08:45+02:00,,✔,✔,❌
TC-WEB-022,user-desktop-chrome,pass,2026-10-05T16:08:45+02:00,036ea38b,pass,2026-10-05T16:08:45+02:00,,✔,✔,✔
TC-WEB-023,user-desktop-chrome,pass,2026-10-05T16:08:45+02:00,d562d697,pass,2026-10-05T16:08:45+02:00,,✔,✔,✔
TC-WEB-024,user-iphone-13,pass,2026-10-05T16:08:45+02:00,b3db4617,pass,2026-10-05T16:08:45+02:00,,✔,✔,❌
TC-WEB-025,user-desktop-chrome,pass,2026-10-05T16:08:45+02:00,b79ddc01,pass,2026-10-05T16:08:45+02:00,,✔,✔,✔
TC-WEB-025,user-iphone-13,pass,2026-10-05T16:08:45+02:00,b79ddc01,pass,2026-10-05T16:08:45+02:00,,✔,✔,❌
TC-WEB-026,user-desktop-chrome,pass,2026-10-05T16:08:45+02:00,1297498c,pass,2026-10-05T16:08:45+02:00,,✔,✔,✔
TC-WEB-026,user-iphone-13,pass,2026-10-05T16:08:45+02:00,1297498c,pass,2026-10-05T16:08:45+02:00,,✔,✔,❌
TC-WEB-027,super-admin-desktop-chrome,pass,2026-10-05T16:08:45+02:00,fa6fc696,pass,2026-10-05T16:08:45+02:00,,✔,✔,✔
TC-WEB-027,super-admin-iphone-13,pass,2026-10-05T16:08:45+02:00,fa6fc696,pass,2026-10-05T16:08:45+02:00,,✔,✔,✔
TC-WEB-028,super-admin-desktop-chrome,pass,2026-10-05T16:08:45+02:00,4645a80a,pass,2026-10-05T16:08:45+02:00,,✔,✔,✔
TC-WEB-029,super-admin-iphone-13,pass,2026-10-05T16:08:45+02:00,8bfa4886,pass,2026-10-05T16:08:45+02:00,,✔,✔,✔
TC-WEB-030,user-desktop-chrome,pass,2026-10-05T16:08:45+02:00,c39a8eb8,pass,2026-10-05T16:08:45+02:00,,✔,✔,✔
TC-WEB-031,super-admin-desktop-chrome,pass,2026-10-05T16:08:45+02:00,99d11a63,pass,2026-10-05T16:08:45+02:00,,✔,✔,✔
TC-WEB-032,user-iphone-13,pass,2026-10-05T16:08:45+02:00,dbea6bc4,pass,2026-10-05T16:08:45+02:00,,✔,✔,✔
TC-WEB-033,super-admin-iphone-13,pass,2026-10-05T16:08:45+02:00,3fc5364f,pass,2026-10-05T16:08:45+02:00,,✔,✔,✔
TC-WEB-034,super-admin-desktop-chrome,pass,2026-10-05T16:08:45+02:00,9dcae2d5,pass,2026-10-05T16:08:45+02:00,,✔,✔,✔
TC-WEB-034,super-admin-iphone-13,pass,2026-10-05T16:08:45+02:00,9dcae2d5,pass,2026-10-05T16:08:45+02:00,,✔,✔,✔
TC-WEB-097,no-login-desktop-chrome,pass,2026-10-05T16:08:45+02:00,09053307,pass,2026-10-05T16:08:45+02:00,,✔,✔,✔
TC-WEB-097,no-login-iphone-13,pass,2026-10-05T16:08:45+02:00,09053307,pass,2026-10-05T16:08:45+02:00,,✔,✔,❌
TC-WEB-098,user-desktop-chrome,pass,2026-10-05T16:08:45+02:00,a3643c3f,pass,2026-10-05T16:08:45+02:00,,✔,✔,❌
TC-WEB-098,user-iphone-13,pass,2026-10-05T16:08:45+02:00,a3643c3f,pass,2026-10-05T16:08:45+02:00,,✔,✔,❌
TC-WEB-100,user-desktop-chrome,pass,2026-10-05T16:08:45+02:00,63ed52fe,pass,2026-10-05T16:08:45+02:00,,✔,✔,✔
TC-WEB-100,user-iphone-13,pass,2026-10-05T16:08:45+02:00,63ed52fe,pass,2026-10-05T16:08:45+02:00,,✔,✔,✔
TC-WEB-101,no-login-desktop-chrome,pass,2026-10-05T16:08:45+02:00,c4abd1bf,pass,2026-10-05T16:08:45+02:00,,✔,✔,✔
TC-WEB-101,no-login-iphone-13,pass,2026-10-05T16:08:45+02:00,c4abd1bf,pass,2026-10-05T16:08:45+02:00,,✔,✔,✔
TC-WEB-116,no-login-desktop-chrome,pass,2026-10-05T16:08:45+02:00,91910940,pass,2026-10-05T16:08:45+02:00,,✔,✔,✔
TC-WEB-116,no-login-iphone-13,pass,2026-10-05T16:08:45+02:00,91910940,pass,2026-10-05T16:08:45+02:00,,✔,✔,✔
TC-WEB-157,user-desktop-chrome,pass,2026-10-05T16:08:45+02:00,d3db99d0,pass,2026-10-05T16:08:45+02:00,,✔,✔,✔
TC-WEB-160,user-desktop-chrome,pass,2026-10-05T16:08:45+02:00,52ca4608,pass,2026-10-05T16:08:45+02:00,,✔,✔,❌
TC-WEB-160,user-iphone-13,pass,2026-10-05T16:08:45+02:00,52ca4608,pass,2026-10-05T16:08:45+02:00,,✔,✔,❌
TC-WEB-161,user-desktop-chrome,pass,2026-10-05T16:08:45+02:00,c19ff117,pass,2026-10-05T16:08:45+02:00,,✔,✔,❌
TC-WEB-161,user-iphone-13,pass,2026-10-05T16:08:45+02:00,c19ff117,pass,2026-10-05T16:08:45+02:00,,✔,✔,❌
TC-WEB-165,user-desktop-chrome,pass,2026-10-05T16:08:45+02:00,d20fd014,pass,2026-10-05T16:08:45+02:00,,✔,✔,✔
TC-WEB-165,user-iphone-13,pass,2026-10-05T16:08:45+02:00,d20fd014,pass,2026-10-05T16:08:45+02:00,,✔,✔,❌
TC-WEB-167,user-desktop-chrome,pass,2026-10-05T16:08:45+02:00,b184b7fa,pass,2026-10-05T16:08:45+02:00,,✔,✔,✔
TC-WEB-167,user-iphone-13,pass,2026-10-05T16:08:45+02:00,b184b7fa,pass,2026-10-05T16:08:45+02:00,,✔,✔,❌
TC-WEB-168,user-desktop-chrome,pass,2026-10-05T16:08:45+02:00,a5e1a2db,pass,2026-10-05T16:08:45+02:00,,✔,✔,✔
TC-WEB-168,user-iphone-13,pass,2026-10-05T16:08:45+02:00,a5e1a2db,pass,2026-10-05T16:08:45+02:00,,✔,✔,✔
TC-WEB-169,super-admin-desktop-chrome,pass,2026-10-05T16:08:45+02:00,ba349953,pass,2026-10-05T16:08:45+02:00,,✔,✔,✔
TC-WEB-170,user-iphone-13,pass,2026-10-05T16:08:45+02:00,f1c9da2f,fail,2026-10-05T16:08:45+02:00,,✔,❌,❌
TC-WEB-180,user-desktop-chrome,pass,2026-10-05T16:08:45+02:00,d92546a3,pass,2026-10-05T16:08:45+02:00,,✔,✔,❌
TC-WEB-180,user-iphone-13,pass,2026-10-05T16:08:45+02:00,d92546a3,pass,2026-10-05T16:08:45+02:00,,✔,✔,❌
TC-WEB-181,user-desktop-chrome,pass,2026-10-05T16:08:45+02:00,3b9c3e29,pass,2026-10-05T16:08:45+02:00,,✔,✔,✔
TC-WEB-181,user-iphone-13,pass,2026-10-05T16:08:45+02:00,3b9c3e29,pass,2026-10-05T16:08:45+02:00,,✔,✔,✔
